rank	infinitive	meaning	present	praeteritum	perfekt	example_de	example_en	hint	tags
1	sein	to be	ich bin · du bist · er ist · ihr seid	er war	er ist gewesen	Ich bin heute sehr müde.	I'm very tired today.	irregular in every form; Perfekt with <b>sein</b>	A1::Goethe A1::core A1::grammar verb::perfekt-sein
2	haben	to have	ich habe · du hast · er hat · ihr habt	er hatte	er hat gehabt	Wir haben heute keine Zeit.	We don't have time today.	also the helper verb for most Perfekt forms	A1::Goethe A1::core
3	werden	to become	ich werde · du wirst · er wird · ihr werdet	er wurde	er ist geworden	Es wird langsam kalt.	It's slowly getting cold.	also makes the future: <i>Ich werde kommen</i> = I will come · false friend: <i>bekommen</i> = to get	A1::Goethe A1::confusion A1::core A1::false_friend A1::grammar verb::perfekt-sein
4	können	can, to be able to	ich kann · du kannst · er kann · ihr könnt	er konnte	er hat gekonnt	Kannst du mir kurz helfen?	Can you help me for a moment?	modal: the 2nd verb goes to the end, no <i>zu</i> · ich/er <i>kann</i> (no -t) · sound: ö = say 'e' with rounded lips; ≠ kennen	A1::Goethe A1::confusion A1::core A1::grammar A1::pronunciation verb::modal
5	müssen	must, to have to	ich muss · du musst · er muss · ihr müsst	er musste	er hat gemusst	Ich muss morgen früh arbeiten.	I have to work early tomorrow.	modal · <i>muss nicht</i> = don't have to (NOT must not → <i>darf nicht</i>)	A1::Goethe A1::core A1::grammar verb::modal
6	sagen	to say; to tell (sb sth)	ich sage · du sagst · er sagt · ihr sagt	er sagte	er hat gesagt	Was hat er gesagt?	What did he say?	regular · <i>jemandem</i> (dative) <i>etwas sagen</i>	A1::Goethe A1::confusion A1::core
7	machen	to make; to do (everyday)	ich mache · du machst · er macht · ihr macht	er machte	er hat gemacht	Was machst du heute Abend?	What are you doing this evening?	regular · <i>Das macht nichts</i> = never mind · <i>Das macht 5 Euro</i> = that comes to 5 euros	A1::Goethe A1::confusion A1::core
8	geben	to give	ich gebe · du gibst · er gibt · ihr gebt	er gab	er hat gegeben	Gib mir bitte das Salz.	Please pass me the salt.	e→i: du <b>gibst</b>, er <b>gibt</b> · <i>es gibt</i> = there is / there are	A1::Goethe A1::core A1::grammar verb::stem-change
9	kommen	to come	ich komme · du kommst · er kommt · ihr kommt	er kam	er ist gekommen	Woher kommst du?	Where are you from?	Perfekt with <b>sein</b> (movement)	A1::Goethe A1::core A1::grammar verb::perfekt-sein
10	sollen	should, to be supposed to	ich soll · du sollst · er soll · ihr sollt	er sollte	er hat gesollt	Was soll ich jetzt machen?	What should I do now?	modal · <i>ich soll</i> = someone else wants me to · <i>ich sollte</i> = I ought to (advice)	A1::Goethe A1::core A1::grammar verb::modal
11	wollen	to want	ich will · du willst · er will · ihr wollt	er wollte	er hat gewollt	Ich will nach Hause.	I want to go home.	false friend: <i>ich will</i> = I want, NOT I will · modal	A1::Goethe A1::confusion A1::core A1::false_friend A1::grammar verb::modal
12	gehen	to go (on foot)	ich gehe · du gehst · er geht · ihr geht	er ging	er ist gegangen	Wie geht es dir?	How are you?	Perfekt with <b>sein</b> · by car/train/bus = <i>fahren</i>	A1::Goethe A1::confusion A1::core A1::grammar verb::perfekt-sein
13	wissen	to know (a fact)	ich weiß · du weißt · er weiß · ihr wisst	er wusste	er hat gewusst	Ich weiß es nicht.	I don't know.	facts → <i>wissen</i>; people/places → <i>kennen</i> · ich/er <b>weiß</b> (no -t)	A1::Goethe A1::confusion A1::core
14	sehen	to see	ich sehe · du siehst · er sieht · ihr seht	er sah	er hat gesehen	Wir sehen uns morgen!	See you tomorrow!	e→ie: du <b>siehst</b>, er <b>sieht</b>	A1::Goethe A1::confusion A1::core A1::grammar verb::stem-change
15	lassen	to let, to leave; to have sth done	ich lasse · du lässt · er lässt · ihr lasst	er ließ	er hat gelassen	Lass mich bitte in Ruhe!	Please leave me alone!	a→ä · <i>Ich lasse mir die Haare schneiden</i> = I'm getting my hair cut	A1::core A1::grammar level::A2-everyday verb::stem-change
16	stehen	to stand (upright)	ich stehe · du stehst · er steht · ihr steht	er stand	er hat gestanden	Das Auto steht vor dem Haus.	The car is (standing) in front of the house.	upright → <i>stehen</i>; flat → <i>liegen</i> · to put upright = <i>stellen</i> · sound: st at the start = 'sht'	A1::Goethe A1::confusion A1::core A1::pronunciation
17	finden	to find; to find sth good / bad (opinion)	ich finde · du findest · er findet · ihr findet	er fand	er hat gefunden	Wie findest du den Film?	What do you think of the film?	also = to think/consider: <i>Ich finde das gut</i> · du find<b>e</b>st (extra e)	A1::Goethe A1::confusion A1::core
18	bleiben	to stay, to remain	ich bleibe · du bleibst · er bleibt · ihr bleibt	er blieb	er ist geblieben	Ich bleibe heute zu Hause.	I'm staying at home today.	Perfekt with <b>sein</b>, even though there's no movement · sound: ei = 'eye' but ie = 'ee': bleiben → blieb	A1::Goethe A1::core A1::grammar A1::pronunciation verb::perfekt-sein
19	liegen	to lie, to be located	ich liege · du liegst · er liegt · ihr liegt	er lag	er hat gelegen	Das Handy liegt auf dem Tisch.	The phone is (lying) on the table.	"flat → <i>liegen</i>; to lay down = <i>legen</i> · also ""be located"": <i>Kairo liegt am Nil</i>"	A1::Goethe A1::confusion A1::core
20	heißen	to be called	ich heiße · du heißt · er heißt · ihr heißt	er hieß	er hat geheißen	Wie heißt du?	What's your name?	<i>das heißt (d. h.)</i> = that is (i.e.)	A1::Goethe A1::confusion A1::core
21	denken	to think (about sth: denken an)	ich denke · du denkst · er denkt · ihr denkt	er dachte	er hat gedacht	Ich denke oft an dich.	I often think of you.	<i>denken an</i> + accusative = think of/about · mixed verb: dachte, gedacht	A1::confusion A1::core level::A2-everyday
22	nehmen	to take (grab / use: den Bus nehmen)	ich nehme · du nimmst · er nimmt · ihr nehmt	er nahm	er hat genommen	Ich nehme den Bus.	I'm taking the bus.	e→i + double m: du <b>nimmst</b>, er <b>nimmt</b> · at a café: <i>Ich nehme einen Tee</i> = I'll have a tea	A1::Goethe A1::confusion A1::core A1::grammar verb::stem-change
23	tun	to do (≠ machen; set phrases)	ich tue · du tust · er tut · ihr tut	er tat	er hat getan	Was kann ich für Sie tun?	What can I do for you?	<i>Es tut mir leid</i> = I'm sorry · <i>Das tut weh</i> = that hurts	A1::Goethe A1::confusion A1::core
24	dürfen	may, to be allowed to	ich darf · du darfst · er darf · ihr dürft	er durfte	er hat gedurft	Darf ich reinkommen?	May I come in?	modal · <i>nicht dürfen</i> = must not	A1::Goethe A1::core A1::grammar verb::modal
25	glauben	to believe; to think (= I believe)	ich glaube · du glaubst · er glaubt · ihr glaubt	er glaubte	er hat geglaubt	Ich glaube, er kommt nicht.	I don't think he's coming.	<i>jemandem glauben</i> (dative) · <i>an etwas glauben</i> = believe in sth	A1::Goethe A1::confusion A1::core A1::grammar verb::dative
26	halten	to hold; to stop	ich halte · du hältst · er hält · ihr haltet	er hielt	er hat gehalten	Der Bus hält direkt vor der Schule.	The bus stops right in front of the school.	a→ä, er <b>hält</b> (no extra -t) · <i>Was hältst du davon?</i> = What do you think of it?	A1::Goethe A1::core A1::grammar verb::stem-change
27	nennen	to name, to call	ich nenne · du nennst · er nennt · ihr nennt	er nannte	er hat genannt	Alle nennen ihn Max.	Everyone calls him Max.	mixed verb: nannte, genannt · to <i>be</i> called = <i>heißen</i>	A1::confusion level::A2-B1
28	mögen	to like	ich mag · du magst · er mag · ihr mögt	er mochte	er hat gemocht	Ich mag keinen Kaffee.	I don't like coffee.	<i>ich mag</i> = I like · <i>ich möchte</i> = I would like (polite wish)	A1::Goethe A1::core A1::grammar verb::modal
29	zeigen	to show	ich zeige · du zeigst · er zeigt · ihr zeigt	er zeigte	er hat gezeigt	Zeig mir mal das Foto!	Show me the photo!	regular · <i>jemandem</i> (dative) <i>etwas</i> (accusative) <i>zeigen</i>	A1::core level::A2-everyday
30	führen	to lead, to guide	ich führe · du führst · er führt · ihr führt	er führte	er hat geführt	Diese Straße führt zum Bahnhof.	This street leads to the station.	regular · <i>der Führerschein</i> = driving licence	level::A2-B1
31	sprechen	to speak (a language / with sb)	ich spreche · du sprichst · er spricht · ihr sprecht	er sprach	er hat gesprochen	Sprechen Sie Englisch?	Do you speak English?	e→i: du <b>sprichst</b> · <i>sprechen mit</i> = speak with · <i>über</i> = about · sound: sp at the start = 'shp'	A1::Goethe A1::confusion A1::core A1::grammar A1::pronunciation verb::stem-change
32	bringen	to bring; to take (sb somewhere)	ich bringe · du bringst · er bringt · ihr bringt	er brachte	er hat gebracht	Ich bringe dich zum Flughafen.	I'll take you to the airport.	mixed verb: brachte, gebracht	A1::Goethe A1::confusion A1::core
33	leben	to live, to be alive	ich lebe · du lebst · er lebt · ihr lebt	er lebte	er hat gelebt	Meine Oma lebt noch.	My grandma is still alive.	<i>leben</i> = be alive / live a life · live at an address = <i>wohnen</i>	A1::Goethe A1::confusion A1::core
34	fahren	to drive, to go (by vehicle)	ich fahre · du fährst · er fährt · ihr fahrt	er fuhr	er ist gefahren	Wir fahren mit dem Zug nach Berlin.	We're going to Berlin by train.	a→ä: du <b>fährst</b> · Perfekt with <b>sein</b> (but: <i>Ich habe das Auto gefahren</i>)	A1::Goethe A1::confusion A1::core A1::grammar verb::perfekt-sein verb::stem-change
35	meinen	to mean (what sb means); to think (opinion)	ich meine · du meinst · er meint · ihr meint	er meinte	er hat gemeint	Was meinst du damit?	What do you mean by that?	a person's opinion/intention · what a <i>word</i> means = <i>bedeuten</i> · <i>die Meinung</i> = opinion	A1::confusion A1::core level::A2-everyday
36	fragen	to ask	ich frage · du fragst · er fragt · ihr fragt	er fragte	er hat gefragt	Darf ich dich etwas fragen?	May I ask you something?	<i>jemanden</i> (accusative!) <i>fragen</i> · <i>nach etwas fragen</i> = ask about/for sth	A1::Goethe A1::core
37	kennen	to know (be familiar with)	ich kenne · du kennst · er kennt · ihr kennt	er kannte	er hat gekannt	Kennst du Berlin?	Do you know Berlin?	people/places/things → <i>kennen</i>; facts → <i>wissen</i> · mixed verb: kannte, gekannt	A1::Goethe A1::confusion A1::core
38	gelten	to be valid, to apply	ich gelte · du giltst · er gilt · ihr geltet	er galt	er hat gegolten	Das Ticket gilt zwei Stunden.	The ticket is valid for two hours.	e→i: er <b>gilt</b> · <i>gelten als</i> = to be considered (as)	A1::grammar level::A2-B1 verb::stem-change
39	stellen	to put (upright), to place	ich stelle · du stellst · er stellt · ihr stellt	er stellte	er hat gestellt	Stell die Flasche in den Kühlschrank.	Put the bottle in the fridge.	put upright → <i>stellen</i>; lay flat → <i>legen</i> · <i>eine Frage stellen</i> = ask a question	A1::Goethe A1::confusion A1::core
40	spielen	to play	ich spiele · du spielst · er spielt · ihr spielt	er spielte	er hat gespielt	Ich spiele jeden Tag Gitarre.	I play guitar every day.	regular · instruments and sports take no article: <i>Gitarre spielen, Fußball spielen</i>	A1::Goethe A1::core
41	arbeiten	to work	ich arbeite · du arbeitest · er arbeitet · ihr arbeitet	er arbeitete	er hat gearbeitet	Er arbeitet bei einer großen Firma.	He works for a big company.	stem ends in -t → extra e: du arbeit<b>e</b>st, er arbeit<b>e</b>t	A1::Goethe A1::core
42	brauchen	to need	ich brauche · du brauchst · er braucht · ihr braucht	er brauchte	er hat gebraucht	Ich brauche deine Hilfe.	I need your help.	takes the accusative · <i>Du brauchst nicht zu kommen</i> = you don't need to come	A1::Goethe A1::core
43	folgen	to follow	ich folge · du folgst · er folgt · ihr folgt	er folgte	er ist gefolgt	Folgen Sie mir bitte.	Please follow me.	takes the <b>dative</b> (<i>mir, Ihnen</i>) · Perfekt with <b>sein</b>	A1::core A1::grammar level::A2-everyday verb::dative verb::perfekt-sein
44	lernen	to learn, to study (for school/exams)	ich lerne · du lernst · er lernt · ihr lernt	er lernte	er hat gelernt	Ich lerne seit einem Jahr Deutsch.	I've been learning German for a year.	learning / studying for a test → <i>lernen</i> · at university → <i>studieren</i>	A1::Goethe A1::confusion A1::core
45	bestehen	to pass (an exam); to exist	ich bestehe · du bestehst · er besteht · ihr besteht	er bestand	er hat bestanden	Sie hat die Prüfung bestanden.	She passed the exam.	<i>bestehen aus</i> = consist of · <i>auf etwas bestehen</i> = insist on · no ge- (be-)	level::A2-B1
46	verstehen	to understand	ich verstehe · du verstehst · er versteht · ihr versteht	er verstand	er hat verstanden	Entschuldigung, ich verstehe das nicht.	Sorry, I don't understand that.	inseparable (ver-): no ge- in the Perfekt	A1::Goethe A1::core
47	setzen	to set; sich setzen = to sit down	ich setze · du setzt · er setzt · ihr setzt	er setzte	er hat gesetzt	Setz dich bitte!	Please sit down!	<i>sich setzen</i> = the action of sitting down · <i>sitzen</i> = to be sitting	A1::confusion A1::core level::A2-everyday
48	bekommen	to get, to receive (everyday)	ich bekomme · du bekommst · er bekommt · ihr bekommt	er bekam	er hat bekommen	Ich habe deine Nachricht bekommen.	I got your message.	false friend: <i>bekommen</i> = to get, NOT to become (= <i>werden</i>) · no ge-	A1::Goethe A1::confusion A1::core A1::false_friend
49	beginnen	to begin (not separable)	ich beginne · du beginnst · er beginnt · ihr beginnt	er begann	er hat begonnen	Der Kurs beginnt um neun Uhr.	The course begins at nine.	irregular: begann, begonnen · everyday synonym: <i>anfangen</i>	A1::Goethe A1::confusion A1::core
50	erzählen	to tell (a story), to narrate	ich erzähle · du erzählst · er erzählt · ihr erzählt	er erzählte	er hat erzählt	Erzähl mir von deinem Urlaub!	Tell me about your holiday!	<i>erzählen von / über</i> · no ge- (er-)	A1::Goethe A1::confusion A1::core
51	versuchen	to try	ich versuche · du versuchst · er versucht · ihr versucht	er versuchte	er hat versucht	Ich versuche es noch einmal.	I'll try again.	+ zu + infinitive: <i>Ich versuche, pünktlich zu sein</i> · no ge- (ver-)	A1::core level::A2-everyday
52	schreiben	to write	ich schreibe · du schreibst · er schreibt · ihr schreibt	er schrieb	er hat geschrieben	Schreib mir, wenn du ankommst.	Text me when you arrive.	ei→ie: schrieb, geschrieben · sound: ei = 'eye' but ie = 'ee': schreiben → schrieb	A1::Goethe A1::core A1::pronunciation
53	laufen	to run; colloquial: to walk	ich laufe · du läufst · er läuft · ihr lauft	er lief	er ist gelaufen	Ich laufe jeden Morgen im Park.	I go running in the park every morning.	au→äu: du <b>läufst</b> · everyday speech often = walk · <i>Wie läuft's?</i> = How's it going?	A1::Goethe A1::confusion A1::core A1::grammar verb::perfekt-sein verb::stem-change
54	erklären	to explain	ich erkläre · du erklärst · er erklärt · ihr erklärt	er erklärte	er hat erklärt	Kannst du mir das erklären?	Can you explain that to me?	<i>jemandem</i> (dative) <i>etwas erklären</i> · no ge- (er-)	A1::Goethe A1::core
55	entsprechen	to correspond to, to match	ich entspreche · du entsprichst · er entspricht · ihr entsprecht	er entsprach	er hat entsprochen	Das Zimmer entspricht nicht den Fotos.	The room doesn't match the photos.	takes the dative · e→i · mostly formal/written	A1::grammar level::A2-B1 verb::dative verb::stem-change
56	sitzen	to sit, to be sitting	ich sitze · du sitzt · er sitzt · ihr sitzt	er saß	er hat gesessen	Wir sitzen im Garten.	We're sitting in the garden.	state (be sitting) → <i>sitzen</i> · action (sit down) → <i>sich setzen</i>	A1::Goethe A1::confusion A1::core
57	ziehen	to pull; to move (house)	ich ziehe · du ziehst · er zieht · ihr zieht	er zog	er hat gezogen	Wir ziehen nächsten Monat nach Berlin.	We're moving to Berlin next month.	on doors: <i>Ziehen</i> = pull, <i>Drücken</i> = push · moving house → <i>ist gezogen</i> · sound: z = 'ts', ie = long 'ee' → 'tsee-en'	A1::core A1::pronunciation level::A2-everyday
58	scheinen	to shine; to seem	ich scheine · du scheinst · er scheint · ihr scheint	er schien	er hat geschienen	Heute scheint die Sonne.	The sun is shining today.	"also ""seem"": <i>Er scheint müde zu sein</i> = he seems to be tired"	A1::Goethe A1::confusion A1::core
59	fallen	to fall	ich falle · du fällst · er fällt · ihr fallt	er fiel	er ist gefallen	Das Glas ist auf den Boden gefallen.	The glass fell on the floor.	a→ä · Perfekt with <b>sein</b> · <i>gefallen</i> (to please) is a different verb	A1::confusion A1::core A1::grammar level::A2-everyday verb::perfekt-sein verb::stem-change
60	gehören	to belong (to)	ich gehöre · du gehörst · er gehört · ihr gehört	er gehörte	er hat gehört	Wem gehört das Handy?	Whose phone is this?	takes the <b>dative</b> (<i>mir, dir, wem</i>) · <i>gehören zu</i> = be part of	A1::Goethe A1::core A1::grammar verb::dative
61	entstehen	to arise, to come into being	ich entstehe · du entstehst · er entsteht · ihr entsteht	er entstand	er ist entstanden	So entstehen oft Missverständnisse.	That's how misunderstandings often arise.	Perfekt with <b>sein</b> · no ge- (ent-)	A1::grammar level::A2-B1 verb::perfekt-sein
62	erhalten	to receive (formal)	ich erhalte · du erhältst · er erhält · ihr erhaltet	er erhielt	er hat erhalten	Sie erhalten eine Bestätigung per E-Mail.	You will receive a confirmation by email.	formal word for <i>bekommen</i> · a→ä · no ge-	A1::confusion A1::grammar level::A2-B1 verb::stem-change
63	treffen	to meet; to hit	ich treffe · du triffst · er trifft · ihr trefft	er traf	er hat getroffen	Ich treffe mich heute mit Anna.	I'm meeting Anna today.	e→i: du <b>triffst</b> · <i>sich treffen mit</i> = meet up with · <i>eine Entscheidung treffen</i> = make a decision	A1::Goethe A1::core A1::grammar verb::stem-change
64	suchen	to look for, to search	ich suche · du suchst · er sucht · ihr sucht	er suchte	er hat gesucht	Ich suche meinen Schlüssel.	I'm looking for my key.	"no preposition: <i>suchen</i> + accusative (NOT ""suchen für"")"	A1::Goethe A1::core
65	legen	to lay, to put (flat)	ich lege · du legst · er legt · ihr legt	er legte	er hat gelegt	Leg das Buch auf den Tisch.	Put the book on the table.	lay flat → <i>legen</i>; the result → <i>liegen</i> · upright → <i>stellen</i>	A1::Goethe A1::confusion A1::core
66	vorstellen	to introduce; sich etwas vorstellen = to imagine	ich stelle vor · du stellst vor · er stellt vor · ihr stellt vor	er stellte vor	er hat vorgestellt	Darf ich mich kurz vorstellen?	May I briefly introduce myself?	separable: <i>ich stelle mich vor</i> · <i>Stell dir vor!</i> = Imagine!	A1::Goethe A1::core A1::grammar verb::separable
67	handeln	to act; to trade	ich handle · du handelst · er handelt · ihr handelt	er handelte	er hat gehandelt	Es handelt sich um ein Missverständnis.	It's a misunderstanding.	<i>es handelt sich um</i> = it's about / it concerns · <i>handeln von</i> (book, film) = be about · ich hand<b>le</b>	A1::false_friend level::A2-B1
68	erreichen	to reach, to achieve	ich erreiche · du erreichst · er erreicht · ihr erreicht	er erreichte	er hat erreicht	Ich erreiche ihn nicht am Telefon.	I can't reach him on the phone.	takes the accusative · <i>den Zug erreichen</i> = catch the train · no ge-	level::A2-B1
69	tragen	to carry; to wear	ich trage · du trägst · er trägt · ihr tragt	er trug	er hat getragen	Sie trägt heute eine rote Jacke.	She's wearing a red jacket today.	a→ä: du <b>trägst</b>, er <b>trägt</b>	A1::core A1::grammar level::A2-everyday verb::stem-change
70	schaffen	to manage (to do); to create	ich schaffe · du schaffst · er schafft · ihr schafft	er schaffte	er hat geschafft	Wir haben es geschafft!	We made it!	"""manage"" is regular (schaffte, geschafft) · ""create"" is irregular (schuf, geschaffen)"	level::A2-B1
71	lesen	to read	ich lese · du liest · er liest · ihr lest	er las	er hat gelesen	Ich lese abends gern Bücher.	I like reading books in the evening.	e→ie: du <b>liest</b>, er <b>liest</b> (same form)	A1::Goethe A1::core A1::grammar verb::stem-change
72	verlieren	to lose	ich verliere · du verlierst · er verliert · ihr verliert	er verlor	er hat verloren	Ich habe meinen Pass verloren.	I've lost my passport.	irregular: verlor, verloren · no ge- · to win = <i>gewinnen</i> · sound: v = f ('fer-lee-ren')	A1::core A1::pronunciation level::A2-everyday
73	darstellen	to depict, to represent	ich stelle dar · du stellst dar · er stellt dar · ihr stellt dar	er stellte dar	er hat dargestellt	Das Bild stellt eine alte Stadt dar.	The picture depicts an old city.	separable: <i>stellt … dar</i> · mostly formal/written	A1::grammar level::A2-B1 verb::separable
74	erkennen	to recognize	ich erkenne · du erkennst · er erkennt · ihr erkennt	er erkannte	er hat erkannt	Ich habe dich gar nicht erkannt!	I didn't recognize you at all!	mixed verb like <i>kennen</i>: erkannte, erkannt	level::A2-B1
75	entwickeln	to develop	ich entwickle · du entwickelst · er entwickelt · ihr entwickelt	er entwickelte	er hat entwickelt	Die Firma entwickelt eine neue App.	The company is developing a new app.	ich entwick<b>le</b> (drops the e) · <i>sich entwickeln</i> = to develop (by itself)	level::A2-B1
76	reden	to talk (casual)	ich rede · du redest · er redet · ihr redet	er redete	er hat geredet	Wir müssen reden.	We need to talk.	more casual than <i>sprechen</i> · <i>reden über</i> = talk about · du red<b>e</b>st	A1::confusion A1::core level::A2-everyday
77	aussehen	to look (a certain way)	ich sehe aus · du siehst aus · er sieht aus · ihr seht aus	er sah aus	er hat ausgesehen	Du siehst heute müde aus.	You look tired today.	separable + e→ie: <i>du siehst … aus</i> · to look <i>at</i> = <i>ansehen</i>	A1::Goethe A1::confusion A1::core A1::grammar verb::separable verb::stem-change
78	erscheinen	to appear (show up); to be published	ich erscheine · du erscheinst · er erscheint · ihr erscheint	er erschien	er ist erschienen	Das neue Buch erscheint im Mai.	The new book comes out in May.	Perfekt with <b>sein</b> · no ge- · formal	A1::confusion A1::grammar level::A2-B1 verb::perfekt-sein
79	bilden	to form; to educate	ich bilde · du bildest · er bildet · ihr bildet	er bildete	er hat gebildet	Bildet bitte Gruppen zu dritt!	Please form groups of three!	<i>die Bildung</i> = education · du bild<b>e</b>st (extra e)	A1::false_friend level::A2-B1
80	anfangen	to begin, to start (separable)	ich fange an · du fängst an · er fängt an · ihr fangt an	er fing an	er hat angefangen	Wann fängt der Film an?	When does the film start?	separable + a→ä: <i>du fängst … an</i> · more everyday than <i>beginnen</i>	A1::Goethe A1::confusion A1::core A1::grammar verb::separable verb::stem-change
81	erwarten	to expect	ich erwarte · du erwartest · er erwartet · ihr erwartet	er erwartete	er hat erwartet	Wir erwarten heute Abend Gäste.	We're expecting guests this evening.	<i>erwarten</i> = expect · to wait = <i>warten</i> · no ge-	level::A2-B1
82	wohnen	to live (reside)	ich wohne · du wohnst · er wohnt · ihr wohnt	er wohnte	er hat gewohnt	Ich wohne in Kairo.	I live in Cairo.	where you live (address, city) → <i>wohnen</i> · be alive / live a life → <i>leben</i> · sound: w = English v	A1::Goethe A1::confusion A1::core A1::pronunciation
83	betreffen	to concern, to affect	ich betreffe · du betriffst · er betrifft · ihr betrefft	er betraf	er hat betroffen	Das betrifft uns alle.	That affects all of us.	e→i · <i>der Betreff</i> = subject line (email) · <i>was … betrifft</i> = as for …	A1::grammar level::A2-B1 verb::stem-change
84	warten	to wait	ich warte · du wartest · er wartet · ihr wartet	er wartete	er hat gewartet	Ich warte auf den Bus.	I'm waiting for the bus.	"<i>warten auf</i> + accusative (NOT ""für"") · du wart<b>e</b>st"	A1::Goethe A1::core
85	vergehen	to pass (time); to fade	ich vergehe · du vergehst · er vergeht · ihr vergeht	er verging	er ist vergangen	Die Zeit vergeht so schnell!	Time flies!	Perfekt with <b>sein</b> · <i>vergangene Woche</i> = last week	A1::grammar level::A2-B1 verb::perfekt-sein
86	helfen	to help	ich helfe · du hilfst · er hilft · ihr helft	er half	er hat geholfen	Kannst du mir helfen?	Can you help me?	takes the <b>dative</b> (<i>mir, dir</i>) · e→i: du <b>hilfst</b>	A1::Goethe A1::core A1::grammar verb::dative verb::stem-change
87	gewinnen	to win	ich gewinne · du gewinnst · er gewinnt · ihr gewinnt	er gewann	er hat gewonnen	Wer hat das Spiel gewonnen?	Who won the game?	irregular: gewann, gewonnen · to lose = <i>verlieren</i>	A1::Goethe A1::core
88	schließen	to close, to shut	ich schließe · du schließt · er schließt · ihr schließt	er schloss	er hat geschlossen	Die Geschäfte schließen um acht.	The shops close at eight.	everyday synonym: <i>zumachen</i> · <i>Freundschaft schließen</i> = make friends	A1::Goethe A1::core
89	fühlen	to feel	ich fühle · du fühlst · er fühlt · ihr fühlt	er fühlte	er hat gefühlt	Ich fühle mich heute nicht gut.	I don't feel well today.	how you feel → reflexive: <i>sich fühlen</i> · sound: ü = say 'ee' with rounded lips	A1::core A1::pronunciation level::A2-everyday
90	bieten	to offer (a service, a chance)	ich biete · du bietest · er bietet · ihr bietet	er bot	er hat geboten	Das Hotel bietet kostenloses WLAN.	The hotel offers free Wi-Fi.	offering something to a person (food, a drink) → <i>anbieten</i>	A1::confusion level::A2-B1
91	interessieren	to interest	ich interessiere · du interessierst · er interessiert · ihr interessiert	er interessierte	er hat interessiert	Ich interessiere mich für Musik.	I'm interested in music.	<i>sich interessieren für</i> = be interested in · -ieren verbs: no ge-	A1::core level::A2-everyday
92	erinnern	to remind; sich erinnern = to remember	ich erinnere · du erinnerst · er erinnert · ihr erinnert	er erinnerte	er hat erinnert	Ich erinnere mich gut an ihn.	I remember him well.	<i>sich erinnern an</i> + accusative = remember · <i>jemanden an etwas erinnern</i> = remind sb of sth	A1::core level::A2-everyday
93	ergeben	to result in, to add up to	ich ergebe · du ergibst · er ergibt · ihr ergebt	er ergab	er hat ergeben	Zwei plus zwei ergibt vier.	Two plus two makes four.	e→i · <i>das Ergebnis</i> = result	A1::grammar level::A2-B1 verb::stem-change
94	anbieten	to offer (sb sth; separable)	ich biete an · du bietest an · er bietet an · ihr bietet an	er bot an	er hat angeboten	Darf ich Ihnen etwas zu trinken anbieten?	May I offer you something to drink?	separable · person in the dative: <i>Ihnen etwas anbieten</i> · <i>das Angebot</i> = offer	A1::Goethe A1::confusion A1::core A1::grammar verb::separable
95	studieren	to study (at university)	ich studiere · du studierst · er studiert · ihr studiert	er studierte	er hat studiert	Sie studiert Medizin in Kairo.	She studies medicine in Cairo.	university only · for a test / at school → <i>lernen</i> · no ge-	A1::Goethe A1::confusion A1::core
96	verbinden	to connect, to link	ich verbinde · du verbindest · er verbindet · ihr verbindet	er verband	er hat verbunden	Können Sie mich mit Frau Müller verbinden?	Can you put me through to Ms Müller?	on the phone = put through · <i>Sie sind falsch verbunden</i> = wrong number	level::A2-B1
97	ansehen	to look at, to watch	ich sehe an · du siehst an · er sieht an · ihr seht an	er sah an	er hat angesehen	Wir sehen uns heute einen Film an.	We're watching a film today.	separable + e→ie · <i>sich etwas ansehen</i> = watch/look at sth · to look (appear) = <i>aussehen</i>	A1::confusion A1::core A1::grammar level::A2-everyday verb::separable verb::stem-change
98	fehlen	to be missing; to be absent	ich fehle · du fehlst · er fehlt · ihr fehlt	er fehlte	er hat gefehlt	Du fehlst mir.	I miss you.	"<i>Du fehlst mir</i> = I miss you (lit. ""you are missing to me"") · <i>Was fehlt Ihnen?</i> = What's wrong?"	A1::Goethe A1::core A1::grammar verb::dative
99	bedeuten	to mean	ich bedeute · du bedeutest · er bedeutet · ihr bedeutet	er bedeutete	er hat bedeutet	Was bedeutet dieses Wort?	What does this word mean?	what a <i>word</i> means → <i>bedeuten</i> · what a <i>person</i> means → <i>meinen</i>	A1::Goethe A1::core
100	vergleichen	to compare	ich vergleiche · du vergleichst · er vergleicht · ihr vergleicht	er verglich	er hat verglichen	Vergleich mal die Preise!	Compare the prices!	ei→i: verglich, verglichen · <i>vergleichen mit</i> = compare with · no ge-	level::A2-B1
